id,title,link,picture,categories
19900,Deutschland Burger,https://www.mcdonalds.com/de/de-de/product/deutschland-burger-6766.html,https://www.mcdonalds.com/is/image/content/dam/de/nutrition/items/icons/desktop/6766_thumb.jpg?$Category_Desktop$,"['Aktionsprodukte', 'Burger & McNuggets']"
19901,Netzkartoffeln,https://www.mcdonalds.com/de/de-de/product/gitterkartoffeln-3082.html,https://www.mcdonalds.com/is/image/content/dam/de/nutrition/items/icons/desktop/3082_thumb.jpg?$Category_Desktop$,"['Aktionsprodukte', 'Beilagen']"
19903,5 Crispy Shrimps (panierte Garnelen),https://www.mcdonalds.com/de/de-de/product/5-crispy-shrimps-3360.html,https://www.mcdonalds.com/is/image/content/dam/de/nutrition/items/icons/desktop/3360_thumb.jpg?$Category_Desktop$,"['Aktionsprodukte', 'Beilagen']"
19906,8 Crispy Shrimps (panierte Garnelen),https://www.mcdonalds.com/de/de-de/product/8-crispy-shrimps-3361.html,https://www.mcdonalds.com/is/image/content/dam/de/nutrition/items/icons/desktop/3361_thumb.jpg?$Category_Desktop$,"['Aktionsprodukte', 'Beilagen']"
19910,Chicken + Shrimps Box (panierte Garnelen),https://www.mcdonalds.com/de/de-de/product/chicken-shrimps-box-3212.html,https://www.mcdonalds.com/is/image/content/dam/de/nutrition/items/icons/desktop/3212_thumb.jpg?$Category_Desktop$,"['Aktionsprodukte', 'Burger & McNuggets']"
19915,Homestyle Chicken Bucket,https://www.mcdonalds.com/de/de-de/product/homestyle-chicken-bucket-3142.html,https://www.mcdonalds.com/is/image/content/dam/de/nutrition/items/icons/desktop/3142_thumb.jpg?$Category_Desktop$,"['Aktionsprodukte', 'Burger & McNuggets']"
19921,3 Homestyle Mighty Chicken Wings,https://www.mcdonalds.com/de/de-de/product/3-homestyle-mighty-chicken-wings-3134.html,https://www.mcdonalds.com/is/image/content/dam/de/nutrition/items/icons/desktop/3134_thumb.jpg?$Category_Desktop$,"['Aktionsprodukte', 'Beilagen', 'Burger & McNuggets']"
19928,5 Homestyle Mighty Chicken Wings,https://www.mcdonalds.com/de/de-de/product/5-homestyle-mighty-chicken-wings-3138.html,https://www.mcdonalds.com/is/image/content/dam/de/nutrition/items/icons/desktop/3138_thumb.jpg?$Category_Desktop$,"['Aktionsprodukte', 'Beilagen', 'Burger & McNuggets']"
19936,Homestyle Crispy Chicken,https://www.mcdonalds.com/de/de-de/product/homestyle-crispy-chicken-5608.html,https://www.mcdonalds.com/is/image/content/dam/de/nutrition/items/icons/desktop/5608_thumb.jpg?$Category_Desktop$,"['Aktionsprodukte', 'Burger & McNuggets']"
19945,3 Homestyle Chicken Filet Tenders,https://www.mcdonalds.com/de/de-de/product/3-homestyle-chicken-filet-tenders-3224.html,https://www.mcdonalds.com/is/image/content/dam/de/nutrition/items/icons/desktop/3224_thumb.jpg?$Category_Desktop$,"['Aktionsprodukte', 'Burger & McNuggets']"
19955,5 Homestyle Chicken Filet Tenders,https://www.mcdonalds.com/de/de-de/product/5-homestyle-chicken-filet-tenders-3225.html,https://www.mcdonalds.com/is/image/content/dam/de/nutrition/items/icons/desktop/3225_thumb.jpg?$Category_Desktop$,"['Aktionsprodukte', 'Burger & McNuggets']"
19966,Chicken Box,https://www.mcdonalds.com/de/de-de/product/chicken-box-3226.html,https://www.mcdonalds.com/is/image/content/dam/de/nutrition/items/icons/desktop/3226_thumb.jpg?$Category_Desktop$,"['Aktionsprodukte', 'Burger & McNuggets']"
19978,Big Tasty® Bacon,https://www.mcdonalds.com/de/de-de/product/big-tasty-bacon-200079.html,https://www.mcdonalds.com/is/image/content/dam/de/nutrition/items/icons/desktop/6474_thumb.jpg?$Category_Desktop$,"['Aktionsprodukte', 'Burger & McNuggets']"
19991,Big Vegan TS,https://www.mcdonalds.com/de/de-de/product/big-vegan-ts-2560.html,https://www.mcdonalds.com/is/image/content/dam/de/nutrition/items/icons/desktop/2560_thumb.jpg?$Category_Desktop$,"['Aktionsprodukte', 'Burger & McNuggets']"
20005,McWrap® Chicken Sweet-Chili,https://www.mcdonalds.com/de/de-de/product/mcwrap-chicken-sweet-chili-6297.html,https://www.mcdonalds.com/is/image/content/dam/de/nutrition/items/icons/desktop/6297_thumb.jpg?$Category_Desktop$,"['Aktionsprodukte', 'McWraps']"
20020,McWrap Chicken Caesar,https://www.mcdonalds.com/de/de-de/product/mcwrap-chicken-caesar-neue-rezeptur-6228.html,https://www.mcdonalds.com/is/image/content/dam/de/nutrition/items/icons/desktop/6228_thumb.jpg?$Category_Desktop$,"['Aktionsprodukte', 'McWraps']"
20036,Big Caesar Chicken Salad,https://www.mcdonalds.com/de/de-de/product/big-caesar-chicken-salad-3874.html,https://www.mcdonalds.com/is/image/content/dam/de/nutrition/items/icons/desktop/3874_thumb.jpg?$Category_Desktop$,"['Aktionsprodukte', 'Salate']"
20053,McDouble® Chili Cheese,https://www.mcdonalds.com/de/de-de/product/mcdouble-chili-cheese-2221.html,https://www.mcdonalds.com/is/image/content/dam/de/nutrition/items/icons/desktop/2221_thumb.jpg?$Category_Desktop$,"['Aktionsprodukte', 'Burger & McNuggets']"
20071,Doppel-Chickenburger Sweet-Chili,https://www.mcdonalds.com/de/de-de/product/doppel-chickenburger-sweet-chili-200040.html,https://www.mcdonalds.com/is/image/content/dam/de/nutrition/items/icons/desktop/2470_thumb.jpg?$Category_Desktop$,"['Aktionsprodukte', 'Burger & McNuggets']"
20090,Veganburger TS,https://www.mcdonalds.com/de/de-de/product/veganburger-ts-201177.html,https://www.mcdonalds.com/is/image/content/dam/de/nutrition/items/icons/desktop/2570_thumb.jpg?$Category_Desktop$,"['Aktionsprodukte', 'Burger & McNuggets']"
20110,McFlurry® Frozen Yogurt Granola Choc Rote-Grütze,https://www.mcdonalds.com/de/de-de/product/mcflurry-frozen-yogurt-granola-choc-rote-grtze-4227.html,https://www.mcdonalds.com/is/image/content/dam/de/nutrition/items/icons/desktop/4227_thumb.jpg?$Category_Desktop$,"['Aktionsprodukte', 'Desserts', 'McFlurry®']"
20131,McFlurry® Schoko LION® Karamell-Sauce,https://www.mcdonalds.com/de/de-de/product/mcflurry-lion-karamell-4256.html,https://www.mcdonalds.com/is/image/content/dam/de/nutrition/items/icons/desktop/4256_thumb.jpg?$Category_Desktop$,"['Aktionsprodukte', 'Desserts', 'McFlurry®']"
20153,McFlurry® Schoko OREO® Schoko-Sauce,https://www.mcdonalds.com/de/de-de/product/mcflurry-oreo-schoko-4235.html,https://www.mcdonalds.com/is/image/content/dam/de/nutrition/items/icons/desktop/4235_thumb.jpg?$Category_Desktop$,"['Aktionsprodukte', 'Desserts', 'McFlurry®']"
20176,McFlurry® Original Schokolinsen Himbeer-Sauce,https://www.mcdonalds.com/de/de-de/product/mcflurry-schokolinsen-4267.html,https://www.mcdonalds.com/is/image/content/dam/de/nutrition/items/icons/desktop/4267_thumb.jpg?$Category_Desktop$,"['Aktionsprodukte', 'Desserts', 'McFlurry®']"
20200,McFlurry® Frozen Yogurt,https://www.mcdonalds.com/de/de-de/product/mcflurry-frozen-yogurt-4650.html,https://www.mcdonalds.com/is/image/content/dam/de/nutrition/items/icons/desktop/4650_thumb.jpg?$Category_Desktop$,"['Aktionsprodukte', 'Desserts', 'McFlurry®']"
20225,Premium Waffel Frozen Yogurt Granola Choc,https://www.mcdonalds.com/de/de-de/product/premium-waffel-frozen-yogurt-granola-choc-46494344.html,https://www.mcdonalds.com/is/image/content/dam/de/nutrition/items/icons/desktop/46494344_thumb.jpg?$Category_Desktop$,"['Aktionsprodukte', 'Desserts']"
20251,Premium Waffel Frozen Yogurt Rote Grütze-Sauce,https://www.mcdonalds.com/de/de-de/product/premium-waffel-frozen-yogurt-rote-grtze-sauce-46494342.html,https://www.mcdonalds.com/is/image/content/dam/de/nutrition/items/icons/desktop/46494342_thumb.jpg?$Category_Desktop$,"['Aktionsprodukte', 'Desserts']"
20278,Premium Waffel Frozen Yogurt,https://www.mcdonalds.com/de/de-de/product/premium-waffel-frozen-yogurt-4649.html,https://www.mcdonalds.com/is/image/content/dam/de/nutrition/items/icons/desktop/4649_thumb.jpg?$Category_Desktop$,"['Aktionsprodukte', 'Desserts']"
20306,McSundae® Frozen Yogurt Rote-Grütze-Sauce,https://www.mcdonalds.com/de/de-de/product/mcsundae-frozen-yogurt-rote-grtze-sauce-46514342.html,https://www.mcdonalds.com/is/image/content/dam/de/nutrition/items/icons/desktop/46514342_thumb.jpg?$Category_Desktop$,"['Aktionsprodukte', 'Desserts']"
20335,McSundae® Original Himbeer-Sauce,https://www.mcdonalds.com/de/de-de/product/mcsundae-original-himbeer-sauce-46034379.html,https://www.mcdonalds.com/is/image/content/dam/de/nutrition/items/icons/desktop/46034379_thumb.jpg?$Category_Desktop$,"['Aktionsprodukte', 'Desserts']"
20365,"McMilchshake Vanille- Rote Grütze 0,25l",https://www.mcdonalds.com/de/de-de/product/mcmilchshake-vanille-rote-grtze-025l-50104342.html,https://www.mcdonalds.com/is/image/content/dam/de/nutrition/items/icons/desktop/50104342_thumb.jpg?$Category_Desktop$,"['Aktionsprodukte', 'Desserts', 'McMilchshake']"
20396,"McMilchshake Vanille Rote Grütze 0,4l",https://www.mcdonalds.com/de/de-de/product/mcmilchshake-vanille-rote-grtze-04l-50504342.html,https://www.mcdonalds.com/is/image/content/dam/de/nutrition/items/icons/desktop/50504342_thumb.jpg?$Category_Desktop$,"['Aktionsprodukte', 'Desserts', 'McMilchshake']"
20428,"McMilchshake Erdbeer Himbeer-Sauce 0,25l",https://www.mcdonalds.com/de/de-de/product/mcmilchshake-erdbeer-himbeer-03-l-50204379.html,https://www.mcdonalds.com/is/image/content/dam/de/nutrition/items/icons/desktop/50204379_thumb.jpg?$Category_Desktop$,"['Aktionsprodukte', 'Desserts', 'McMilchshake']"
20461,"McMilchshake Erdbeer Himbeer-Sauce 0,4 l",https://www.mcdonalds.com/de/de-de/product/mcmilchshake-erdbeer-himbeer-04-l-50604379.html,https://www.mcdonalds.com/is/image/content/dam/de/nutrition/items/icons/desktop/50604379_thumb.jpg?$Category_Desktop$,"['Aktionsprodukte', 'Desserts', 'McMilchshake']"
20495,"McMilchshake Schoko Karamell-Sauce 0,25l",https://www.mcdonalds.com/de/de-de/product/mcmilchshake-schoko-karamell-03l-50004315.html,https://www.mcdonalds.com/is/image/content/dam/de/nutrition/items/icons/desktop/50004315_thumb.jpg?$Category_Desktop$,"['Aktionsprodukte', 'Desserts', 'McMilchshake']"
20530,"McMilchshake Schoko Karamell-Sauce 0,4l",https://www.mcdonalds.com/de/de-de/product/mcmilchshake-schoko-karamell-04l-50404315.html,https://www.mcdonalds.com/is/image/content/dam/de/nutrition/items/icons/desktop/50404315_thumb.jpg?$Category_Desktop$,"['Aktionsprodukte', 'Desserts', 'McMilchshake']"
20566,Himbeer-Tasche,https://www.mcdonalds.com/de/de-de/product/himbeer-tasche-4085.html,https://www.mcdonalds.com/is/image/content/dam/de/nutrition/items/icons/desktop/4085_thumb.jpg?$Category_Desktop$,"['Aktionsprodukte', 'Desserts']"
20603,"Fruit Smoothie Mango-Ananas 0,3l",https://www.mcdonalds.com/de/de-de/product/fruit-smoothie-mango-ananas-03l-7440.html,https://www.mcdonalds.com/is/image/content/dam/de/nutrition/items/icons/desktop/7440_thumb.jpg?$Category_Desktop$,"['Aktionsprodukte', 'Desserts', 'Iced Drinks', 'McCafé Drinks']"
20641,"Fruit Smoothie Mango-Ananas 0,4l",https://www.mcdonalds.com/de/de-de/product/fruit-smoothie-mango-ananas-04l-7441.html,https://www.mcdonalds.com/is/image/content/dam/de/nutrition/items/icons/desktop/7441_thumb.jpg?$Category_Desktop$,"['Aktionsprodukte', 'Desserts', 'Iced Drinks', 'McCafé Drinks']"
20680,"Eiskaffee 0,4l",https://www.mcdonalds.com/de/de-de/product/eiskaffee-04l-7243.html,https://www.mcdonalds.com/is/image/content/dam/de/nutrition/items/icons/desktop/7243_thumb.jpg?$Category_Desktop$,"['Aktionsprodukte', 'Desserts', 'Iced Drinks', 'McCafé Drinks']"
20720,"McFrappé Choc 0,3 l",https://www.mcdonalds.com/de/de-de/product/mcfrapp-choc-03-l.html,https://www.mcdonalds.com/is/image/content/dam/de/nutrition/items/icons/desktop/7478_thumb.jpg?$Category_Desktop$,"['Aktionsprodukte', 'Desserts', 'Iced Drinks', 'McCafé Drinks']"
20761,"McFrappé Choc 0,4 l",https://www.mcdonalds.com/de/de-de/product/mcfrapp-choc-04-l.html,https://www.mcdonalds.com/is/image/content/dam/de/nutrition/items/icons/desktop/7479_thumb.jpg?$Category_Desktop$,"['Aktionsprodukte', 'Desserts', 'Iced Drinks', 'McCafé Drinks']"
20803,Pommes Frites groß,https://www.mcdonalds.com/de/de-de/product/pommes-frites-gross-200044.html,https://www.mcdonalds.com/is/image/content/dam/de/nutrition/items/icons/desktop/3020_thumb.jpg?$Category_Desktop$,['Beilagen']
20846,Pommes Frites mittel,https://www.mcdonalds.com/de/de-de/product/pommes-frites-mittel-200043.html,https://www.mcdonalds.com/is/image/content/dam/de/nutrition/items/icons/desktop/3010_thumb.jpg?$Category_Desktop$,['Beilagen']
20890,Pommes Frites klein,https://www.mcdonalds.com/de/de-de/product/pommes-frites-klein-200042.html,https://www.mcdonalds.com/is/image/content/dam/de/nutrition/items/icons/desktop/3000_thumb.jpg?$Category_Desktop$,['Beilagen']
20935,Big Mac®,https://www.mcdonalds.com/de/de-de/product/big-mac-200020.html,https://www.mcdonalds.com/is/image/content/dam/de/nutrition/items/icons/desktop/2050_thumb.jpg?$Category_Desktop$,['Burger & McNuggets']
20981,Signature Salsa Avocado,https://www.mcdonalds.com/de/de-de/product/signature-salsa-avocado-6163.html,https://www.mcdonalds.com/is/image/content/dam/de/nutrition/items/icons/desktop/6163_thumb.jpg?$Category_Desktop$,"['Burger & McNuggets', 'The Signature Collection']"
21028,Signature Surf 'N' Turf,https://www.mcdonalds.com/de/de-de/product/signature-surfnturf-6185.html,https://www.mcdonalds.com/is/image/content/dam/de/nutrition/items/icons/desktop/6185_thumb.jpg?$Category_Desktop$,"['Burger & McNuggets', 'The Signature Collection']"
21076,Hamburger,https://www.mcdonalds.com/de/de-de/product/hamburger-1-200016.html,https://www.mcdonalds.com/is/image/content/dam/de/nutrition/items/icons/desktop/2000_thumb.jpg?$Category_Desktop$,['Burger & McNuggets']
21125,Cheeseburger,https://www.mcdonalds.com/de/de-de/product/cheeseburger-200017.html,https://www.mcdonalds.com/is/image/content/dam/de/nutrition/items/icons/desktop/2010_thumb.jpg?$Category_Desktop$,['Burger & McNuggets']
21175,Doppel-Cheeseburger,https://www.mcdonalds.com/de/de-de/product/doppel-cheeseburger-200018.html,https://www.mcdonalds.com/is/image/content/dam/de/nutrition/items/icons/desktop/2030_thumb.jpg?$Category_Desktop$,['Burger & McNuggets']
21226,Triple Cheeseburger,https://www.mcdonalds.com/de/de-de/product/triple-cheeseburger-200029.html,https://www.mcdonalds.com/is/image/content/dam/de/nutrition/items/icons/desktop/2137_thumb.jpg?$Category_Desktop$,['Burger & McNuggets']
21278,Chickenburger,https://www.mcdonalds.com/de/de-de/product/chickenburger-200039.html,https://www.mcdonalds.com/is/image/content/dam/de/nutrition/items/icons/desktop/2401_thumb.jpg?$Category_Desktop$,['Burger & McNuggets']
21331,Hamburger Royal Käse,https://www.mcdonalds.com/de/de-de/product/hamburger-royal-kse-2611-200400.html,https://www.mcdonalds.com/is/image/content/dam/de/nutrition/items/icons/desktop/2611_thumb.jpg?$Category_Desktop$,['Burger & McNuggets']
21385,Hamburger Royal TS®,https://www.mcdonalds.com/de/de-de/product/hamburger-royal-ts-2310.html,https://www.mcdonalds.com/is/image/content/dam/de/nutrition/items/icons/desktop/2310_thumb.jpg?$Category_Desktop$,['Burger & McNuggets']
21440,McRib®,https://www.mcdonalds.com/de/de-de/product/mcrib-200022.html,https://www.mcdonalds.com/is/image/content/dam/de/nutrition/items/icons/desktop/2070_thumb.jpg?$Category_Desktop$,['Burger & McNuggets']
21496,McChicken® Classic,https://www.mcdonalds.com/de/de-de/product/mcchicken-classic-2305.html,https://www.mcdonalds.com/is/image/content/dam/de/nutrition/items/icons/desktop/2305_thumb.jpg?$Category_Desktop$,['Burger & McNuggets']
21553,Double Fish TS,https://www.mcdonalds.com/de/de-de/product/double-fish-ts-6414.html,https://www.mcdonalds.com/is/image/content/dam/de/nutrition/items/icons/desktop/6414_thumb.jpg?$Category_Desktop$,['Burger & McNuggets']
21611,Double Filet-o-Fish,https://www.mcdonalds.com/de/de-de/product/double-filet-o-fish-2061.html,https://www.mcdonalds.com/is/image/content/dam/de/nutrition/items/icons/desktop/2061_thumb.jpg?$Category_Desktop$,['Burger & McNuggets']
21670,Filet-o-Fish®,https://www.mcdonalds.com/de/de-de/product/filet-o-fish-200021.html,https://www.mcdonalds.com/is/image/content/dam/de/nutrition/items/icons/desktop/2060_thumb.jpg?$Category_Desktop$,['Burger & McNuggets']
21730,4 Chicken McNuggets®,https://www.mcdonalds.com/de/de-de/product/4-chicken-mcnuggets-200025.html,https://www.mcdonalds.com/is/image/content/dam/de/nutrition/items/icons/desktop/2116_thumb.jpg?$Category_Desktop$,['Burger & McNuggets']
21791,6 Chicken McNuggets®,https://www.mcdonalds.com/de/de-de/product/6-chicken-mcnuggets-200023.html,https://www.mcdonalds.com/is/image/content/dam/de/nutrition/items/icons/desktop/2100_thumb.jpg?$Category_Desktop$,['Burger & McNuggets']
21853,9 Chicken McNuggets®,https://www.mcdonalds.com/de/de-de/product/9-chicken-mcnuggets-200024.html,https://www.mcdonalds.com/is/image/content/dam/de/nutrition/items/icons/desktop/2110_thumb.jpg?$Category_Desktop$,['Burger & McNuggets']
21916,20 Chicken McNuggets®,https://www.mcdonalds.com/de/de-de/product/20-chicken-mcnuggets-200026.html,https://www.mcdonalds.com/is/image/content/dam/de/nutrition/items/icons/desktop/2120_thumb.jpg?$Category_Desktop$,['Burger & McNuggets']
21980,McFlurry® Original (ohne Wahlzutat),https://www.mcdonalds.com/de/de-de/product/mcflurry-original-ohne-wahlzutat-4600.html,https://www.mcdonalds.com/is/image/content/dam/de/nutrition/items/icons/desktop/4600_thumb.jpg?$Category_Desktop$,"['Desserts', 'McFlurry®']"
22045,McFlurry® Schoko (ohne Wahlzutat),https://www.mcdonalds.com/de/de-de/product/mcflurry-schoko-ohne-wahlzutat-4601.html,https://www.mcdonalds.com/is/image/content/dam/de/nutrition/items/icons/desktop/4601_thumb.jpg?$Category_Desktop$,"['Desserts', 'McFlurry®']"
22111,McSundae® Original Schoko-Sauce,https://www.mcdonalds.com/de/de-de/product/mcsundae-schokosauce-4010.html,https://www.mcdonalds.com/is/image/content/dam/de/nutrition/items/icons/desktop/4010_thumb.jpg?$Category_Desktop$,['Desserts']
22178,McSundae® Original Karamell-Sauce,https://www.mcdonalds.com/de/de-de/product/mcsundae-karamellsauce-4020.html,https://www.mcdonalds.com/is/image/content/dam/de/nutrition/items/icons/desktop/4020_thumb.jpg?$Category_Desktop$,['Desserts']
22246,McSundae® Frozen Yogurt,https://www.mcdonalds.com/de/de-de/product/mcsundae-frozen-yogurt-4651.html,https://www.mcdonalds.com/is/image/content/dam/de/nutrition/items/icons/desktop/4651_thumb.jpg?$Category_Desktop$,['Desserts']
22315,McSundae® Original (ohne Wahlzutat),https://www.mcdonalds.com/de/de-de/product/mcsundae-original-ohne-wahlzutat-4603.html,https://www.mcdonalds.com/is/image/content/dam/de/nutrition/items/icons/desktop/4603_thumb.jpg?$Category_Desktop$,['Desserts']
22385,McSundae® Schoko (ohne Wahlzutat),https://www.mcdonalds.com/de/de-de/product/mcsundae-schoko-ohne-wahlzutat-4604.html,https://www.mcdonalds.com/is/image/content/dam/de/nutrition/items/icons/desktop/4604_thumb.jpg?$Category_Desktop$,['Desserts']
22456,"Milchshake Erdbeergeschmack 0,25l",https://www.mcdonalds.com/de/de-de/product/milchshake-erdbeergeschmack-03l-5020.html,https://www.mcdonalds.com/is/image/content/dam/de/nutrition/items/icons/desktop/5020_thumb.jpg?$Category_Desktop$,"['Desserts', 'McMilchshake']"
22528,"Milchshake Erdbeergeschmack 0,4l",https://www.mcdonalds.com/de/de-de/product/milchshake-erdbeergeschmack-04l-5060.html,https://www.mcdonalds.com/is/image/content/dam/de/nutrition/items/icons/desktop/5060_thumb.jpg?$Category_Desktop$,"['Desserts', 'McMilchshake']"
22601,"Milchshake Schokogeschmack 0,25l",https://www.mcdonalds.com/de/de-de/product/milchshake-schokogeschmack-03l-5000.html,https://www.mcdonalds.com/is/image/content/dam/de/nutrition/items/icons/desktop/5000_thumb.jpg?$Category_Desktop$,"['Desserts', 'McMilchshake']"
22675,"Milchshake Schokogeschmack 0,4l",https://www.mcdonalds.com/de/de-de/product/milchshake-schokogeschmack-04l-5040.html,https://www.mcdonalds.com/is/image/content/dam/de/nutrition/items/icons/desktop/5040_thumb.jpg?$Category_Desktop$,"['Desserts', 'McMilchshake']"
22750,"Milchshake Vanillegeschmack 0,25l",https://www.mcdonalds.com/de/de-de/product/milchshake-vanillegeschmack-03l-5010.html,https://www.mcdonalds.com/is/image/content/dam/de/nutrition/items/icons/desktop/5010_thumb.jpg?$Category_Desktop$,"['Desserts', 'McMilchshake']"
22826,"Milchshake Vanillegeschmack 0,4l",https://www.mcdonalds.com/de/de-de/product/milchshake-vanillegeschmack-04l-5050.html,https://www.mcdonalds.com/is/image/content/dam/de/nutrition/items/icons/desktop/5050_thumb.jpg?$Category_Desktop$,"['Desserts', 'McMilchshake']"
22903,Heiße Apfeltasche,https://www.mcdonalds.com/de/de-de/product/heie-apfeltasche-200056.html,https://www.mcdonalds.com/is/image/content/dam/de/nutrition/items/icons/desktop/4060_thumb.jpg?$Category_Desktop$,['Desserts']
22981,"McFrappé 0,3l",https://www.mcdonalds.com/de/de-de/product/mcfrapp-03-l-7467.html,https://www.mcdonalds.com/is/image/content/dam/de/nutrition/items/icons/desktop/7467_thumb.jpg?$Category_Desktop$,"['Desserts', 'Iced Drinks', 'McCafé Drinks']"
23060,"McFrappé 0,4l",https://www.mcdonalds.com/de/de-de/product/mcfrapp-04-l-7468.html,https://www.mcdonalds.com/is/image/content/dam/de/nutrition/items/icons/desktop/7468_thumb.jpg?$Category_Desktop$,"['Desserts', 'Iced Drinks', 'McCafé Drinks']"
23140,McFreezy® Mango-Ananas,https://www.mcdonalds.com/de/de-de/product/mcfreezy-mango-ananas-200069.html,https://www.mcdonalds.com/is/image/content/dam/de/nutrition/items/icons/desktop/4322_thumb.jpg?$Category_Desktop$,['Frucht-Kick']
23221,Frucht-Quatsch,https://www.mcdonalds.com/de/de-de/product/frucht-quatsch-80-g-200058.html,https://www.mcdonalds.com/is/image/content/dam/de/nutrition/items/icons/desktop/4088_thumb.jpg?$Category_Desktop$,['Frucht-Kick']
23303,Bio Apfeltüte 60g,https://www.mcdonalds.com/de/de-de/product/bio-apfeltte-60g-200059.html,https://www.mcdonalds.com/is/image/content/dam/de/nutrition/items/icons/desktop/4092_thumb.jpg?$Category_Desktop$,['Frucht-Kick']
23386,McMuffin® Bacon & Egg,https://www.mcdonalds.com/de/de-de/product/mcmuffin-bacon-egg-1528.html,https://www.mcdonalds.com/is/image/content/dam/de/nutrition/items/icons/desktop/1528_thumb.jpg?$Category_Desktop$,['Frühstück']
23470,McMuffin® Fresh Chicken,https://www.mcdonalds.com/de/de-de/product/mcmuffin-fresh-chicken-1531.html,https://www.mcdonalds.com/is/image/content/dam/de/nutrition/items/icons/desktop/1531_thumb.jpg?$Category_Desktop$,['Frühstück']
23555,McToast® Ham & Cheese,https://www.mcdonalds.com/de/de-de/product/mctoast-ham-1301.html,https://www.mcdonalds.com/is/image/content/dam/de/nutrition/items/icons/desktop/1301_thumb.jpg?$Category_Desktop$,['Frühstück']
23641,Bagel Schinken Käse,https://www.mcdonalds.com/de/de-de/product/bagel-schinken-kse-1515.html,https://www.mcdonalds.com/is/image/content/dam/de/nutrition/items/icons/desktop/1515_thumb.jpg?$Category_Desktop$,['Frühstück']
23728,Bagel Double Beef & Egg,https://www.mcdonalds.com/de/de-de/product/bagel-double-beef-egg-1518.html,https://www.mcdonalds.com/is/image/content/dam/de/nutrition/items/icons/desktop/1518_thumb.jpg?$Category_Desktop$,['Frühstück']
23816,McWrap® Rührei Ham & Cheese,https://www.mcdonalds.com/de/de-de/product/mcwrap-rhrei-ham-cheese-1521.html,https://www.mcdonalds.com/is/image/content/dam/de/nutrition/items/icons/desktop/1521_thumb.jpg?$Category_Desktop$,['Frühstück']
23905,Rührei Bacon,https://www.mcdonalds.com/de/de-de/product/rhrei-bacon-1690.html,https://www.mcdonalds.com/is/image/content/dam/de/nutrition/items/icons/desktop/1690_thumb.jpg?$Category_Desktop$,['Frühstück']
23995,Bircher-Müsli,https://www.mcdonalds.com/de/de-de/product/bircher-msli-1524.html,https://www.mcdonalds.com/is/image/content/dam/de/nutrition/items/icons/desktop/1524_thumb.jpg?$Category_Desktop$,['Frühstück']
24086,Hash Brown,https://www.mcdonalds.com/de/de-de/product/hash-brown-1527.html,https://www.mcdonalds.com/is/image/content/dam/de/nutrition/items/icons/desktop/1527_thumb.jpg?$Category_Desktop$,['Frühstück']
24178,Buttercroissant,https://www.mcdonalds.com/de/de-de/product/buttercroissant-1362.html,https://www.mcdonalds.com/is/image/content/dam/de/nutrition/items/icons/desktop/1362_thumb.jpg?$Category_Desktop$,"['Frühstück', 'McCafé Food']"
24271,nutella® 15 g,https://www.mcdonalds.com/de/de-de/product/nutella-15-g-200010.html,https://www.mcdonalds.com/is/image/content/dam/de/nutrition/items/icons/desktop/1628_thumb.jpg?$Category_Desktop$,['Frühstück']
24365,Konfitüre Erdbeere 25 g,https://www.mcdonalds.com/de/de-de/product/konfitre-erdbeere-25-g-1620.html,https://www.mcdonalds.com/is/image/content/dam/de/nutrition/items/icons/desktop/1620_thumb.jpg?$Category_Desktop$,['Frühstück']
24460,Konfitüre Aprikose 25 g,https://www.mcdonalds.com/de/de-de/product/konfitre-aprikose-25-g-1624.html,https://www.mcdonalds.com/is/image/content/dam/de/nutrition/items/icons/desktop/1624_thumb.jpg?$Category_Desktop$,['Frühstück']
24556,Butter 10 g,https://www.mcdonalds.com/de/de-de/product/butter-10-g-1634.html,https://www.mcdonalds.com/is/image/content/dam/de/nutrition/items/icons/desktop/1634_thumb.jpg?$Category_Desktop$,['Frühstück']
24653,Café Small,https://www.mcdonalds.com/de/de-de/product/caf-small-7150.html,https://www.mcdonalds.com/is/image/content/dam/de/nutrition/items/icons/desktop/7150_thumb.jpg?$Category_Desktop$,"['Frühstück', 'Getränke', 'McCafé Drinks']"
24751,Café Regular,https://www.mcdonalds.com/de/de-de/product/caf-regular-7158.html,https://www.mcdonalds.com/is/image/content/dam/de/nutrition/items/icons/desktop/7158_thumb.jpg?$Category_Desktop$,"['Frühstück', 'Getränke', 'McCafé Drinks']"
24850,Café Grande,https://www.mcdonalds.com/de/de-de/product/cafe-grande-7159.html,https://www.mcdonalds.com/is/image/content/dam/de/nutrition/items/icons/desktop/7159_thumb.jpg?$Category_Desktop$,"['Frühstück', 'Getränke', 'McCafé Drinks']"
24950,Cappuccino Small,https://www.mcdonalds.com/de/de-de/product/cappuccino-small-7190.html,https://www.mcdonalds.com/is/image/content/dam/de/nutrition/items/icons/desktop/7190_thumb.jpg?$Category_Desktop$,"['Frühstück', 'Getränke', 'McCafé Drinks']"
25051,Cappuccino Regular,https://www.mcdonalds.com/de/de-de/product/cappuccino-regular-7184.html,https://www.mcdonalds.com/is/image/content/dam/de/nutrition/items/icons/desktop/7184_thumb.jpg?$Category_Desktop$,"['Frühstück', 'Getränke', 'McCafé Drinks']"
25153,Cappuccino Grande,https://www.mcdonalds.com/de/de-de/product/cappuccino-grande-7191.html,https://www.mcdonalds.com/is/image/content/dam/de/nutrition/items/icons/desktop/7191_thumb.jpg?$Category_Desktop$,"['Frühstück', 'Getränke', 'McCafé Drinks']"
25256,Latte Macchiato Regular,https://www.mcdonalds.com/de/de-de/product/latte-macchiato-regular-7199.html,https://www.mcdonalds.com/is/image/content/dam/de/nutrition/items/icons/desktop/7199_thumb.jpg?$Category_Desktop$,"['Frühstück', 'Getränke', 'McCafé Drinks']"
25360,Latte Macchiato Grande,https://www.mcdonalds.com/de/de-de/product/latte-macchiato-grande-7193.html,https://www.mcdonalds.com/is/image/content/dam/de/nutrition/items/icons/desktop/7193_thumb.jpg?$Category_Desktop$,"['Frühstück', 'Getränke', 'McCafé Drinks']"
25465,Earl Grey Tee Regular,https://www.mcdonalds.com/de/de-de/product/tee-earl-grey-140g-7281.html,https://www.mcdonalds.com/is/image/content/dam/de/nutrition/items/icons/desktop/7281_thumb.jpg?$Category_Desktop$,"['Frühstück', 'Getränke']"
25571,Fresh Mint Tee Regular,https://www.mcdonalds.com/de/de-de/product/tee-fresh-mint-120-g-7283.html,https://www.mcdonalds.com/is/image/content/dam/de/nutrition/items/icons/desktop/7283_thumb.jpg?$Category_Desktop$,"['Frühstück', 'Getränke']"
25678,Grüner Tee Regular,https://www.mcdonalds.com/de/de-de/product/tee-green-tea-140-g-7282.html,https://www.mcdonalds.com/is/image/content/dam/de/nutrition/items/icons/desktop/7282_thumb.jpg?$Category_Desktop$,"['Frühstück', 'Getränke']"
25786,Heißes Kakaogetränk small,https://www.mcdonalds.com/de/de-de/product/heies-kakaogetrnk-small-200099.html,https://www.mcdonalds.com/is/image/content/dam/de/nutrition/items/icons/desktop/7160_thumb.jpg?$Category_Desktop$,"['Frühstück', 'Getränke']"
25895,Heißes Kakaogetränk grande,https://www.mcdonalds.com/de/de-de/product/heies-kakaogetrnk-grande-200103.html,https://www.mcdonalds.com/is/image/content/dam/de/nutrition/items/icons/desktop/7187_thumb.jpg?$Category_Desktop$,"['Frühstück', 'Getränke']"
26005,"Orangensaft 0,25l",https://www.mcdonalds.com/de/de-de/product/orangensaft-0-25l-200108.html,https://www.mcdonalds.com/is/image/content/dam/de/nutrition/items/icons/desktop/7250_thumb.jpg?$Category_Desktop$,"['Frühstück', 'Getränke']"
26116,"ViO Mineralwasser Medium 0,5l",https://www.mcdonalds.com/de/de-de/product/vio-mineralwasser-medium-05l-200119.html,https://www.mcdonalds.com/is/image/content/dam/de/nutrition/items/icons/desktop/7360_thumb.jpg?$Category_Desktop$,['Getränke']
26228,"ViO Mineralwasser Still 0,5l",https://www.mcdonalds.com/de/de-de/product/vio-mineralwasser-still-05l-200120.html,https://www.mcdonalds.com/is/image/content/dam/de/nutrition/items/icons/desktop/7362_thumb.jpg?$Category_Desktop$,['Getränke']
26341,"Coca-Cola Classic 0,5l",https://www.mcdonalds.com/de/de-de/product/coca-cola-classic-05l-200082.html,https://www.mcdonalds.com/is/image/content/dam/de/nutrition/items/icons/desktop/7020_thumb.jpg?$Category_Desktop$,['Getränke']
26455,"Coca-Cola Classic 0,4l",https://www.mcdonalds.com/de/de-de/product/coca-cola-classic-04l-200081.html,https://www.mcdonalds.com/is/image/content/dam/de/nutrition/items/icons/desktop/7010_thumb.jpg?$Category_Desktop$,['Getränke']
26570,"Coca-Cola Classic 0,25l",https://www.mcdonalds.com/de/de-de/product/coca-cola-classic-025l-200080.html,https://www.mcdonalds.com/is/image/content/dam/de/nutrition/items/icons/desktop/7000_thumb.jpg?$Category_Desktop$,['Getränke']
26686,"Coca-Cola Light Taste 0,5l",https://www.mcdonalds.com/de/de-de/product/coca-cola-light-taste-05l-200091.html,https://www.mcdonalds.com/is/image/content/dam/de/nutrition/items/icons/desktop/7110_thumb.jpg?$Category_Desktop$,['Getränke']
26803,"Coca-Cola Light Taste 0,4l",https://www.mcdonalds.com/de/de-de/product/coca-cola-light-taste-04l-200090.html,https://www.mcdonalds.com/is/image/content/dam/de/nutrition/items/icons/desktop/7100_thumb.jpg?$Category_Desktop$,['Getränke']
26921,"Coca-Cola Light Taste 0,25l",https://www.mcdonalds.com/de/de-de/product/coca-cola-light-taste-025l-200089.html,https://www.mcdonalds.com/is/image/content/dam/de/nutrition/items/icons/desktop/7090_thumb.jpg?$Category_Desktop$,['Getränke']
27040,"Coca-Cola Zero Sugar 0,5l",https://www.mcdonalds.com/de/de-de/product/coca-cola-zero-sugar-05l-200115.html,https://www.mcdonalds.com/is/image/content/dam/de/nutrition/items/icons/desktop/7322_thumb.jpg?$Category_Desktop$,['Getränke']
27160,"Coca-Cola Zero Sugar 0,4l",https://www.mcdonalds.com/de/de-de/product/coca-cola-zero-sugar-04l-200114.html,https://www.mcdonalds.com/is/image/content/dam/de/nutrition/items/icons/desktop/7321_thumb.jpg?$Category_Desktop$,['Getränke']
27281,"Coca-Cola Zero Sugar 0,25l",https://www.mcdonalds.com/de/de-de/product/coca-cola-zero-sugar-025l-200113.html,https://www.mcdonalds.com/is/image/content/dam/de/nutrition/items/icons/desktop/7320_thumb.jpg?$Category_Desktop$,['Getränke']
27403,"Fanta 0,5l",https://www.mcdonalds.com/de/de-de/product/fanta-0-5l-200085.html,https://www.mcdonalds.com/is/image/content/dam/de/nutrition/items/icons/desktop/7050_thumb.jpg?$Category_Desktop$,['Getränke']
27526,"Fanta 0,4l",https://www.mcdonalds.com/de/de-de/product/fanta-04l-200084.html,https://www.mcdonalds.com/is/image/content/dam/de/nutrition/items/icons/desktop/7040_thumb.jpg?$Category_Desktop$,['Getränke']
27650,"Fanta 0,25l",https://www.mcdonalds.com/de/de-de/product/fanta-025l-200083.html,https://www.mcdonalds.com/is/image/content/dam/de/nutrition/items/icons/desktop/7030_thumb.jpg?$Category_Desktop$,['Getränke']
27775,"Sprite 0,5l",https://www.mcdonalds.com/de/de-de/product/sprite-0-5l.html,https://www.mcdonalds.com/is/image/content/dam/de/nutrition/items/icons/desktop/7080_thumb.jpg?$Category_Desktop$,['Getränke']
27901,"Sprite 0,4l",https://www.mcdonalds.com/de/de-de/product/sprite-04l-200087.html,https://www.mcdonalds.com/is/image/content/dam/de/nutrition/items/icons/desktop/7070_thumb.jpg?$Category_Desktop$,['Getränke']
28028,"Sprite 0,25l",https://www.mcdonalds.com/de/de-de/product/sprite-025l-200086.html,https://www.mcdonalds.com/is/image/content/dam/de/nutrition/items/icons/desktop/7060_thumb.jpg?$Category_Desktop$,['Getränke']
28156,"Lipton Ice Tea Peach 0,5l",https://www.mcdonalds.com/de/de-de/product/lipton-ice-tea-peach-05l-200118.html,https://www.mcdonalds.com/is/image/content/dam/de/nutrition/items/icons/desktop/7332_thumb.jpg?$Category_Desktop$,['Getränke']
28285,"Lipton Ice Tea Peach 0,4l",https://www.mcdonalds.com/de/de-de/product/lipton-ice-tea-peach-04l-200117.html,https://www.mcdonalds.com/is/image/content/dam/de/nutrition/items/icons/desktop/7331_thumb.jpg?$Category_Desktop$,['Getränke']
28415,"Lipton Ice Tea Peach 0,25l",https://www.mcdonalds.com/de/de-de/product/lipton-ice-tea-peach-025l-200116.html,https://www.mcdonalds.com/is/image/content/dam/de/nutrition/items/icons/desktop/7330_thumb.jpg?$Category_Desktop$,['Getränke']
28546,"Red Bull 0,25l",https://www.mcdonalds.com/de/de-de/product/red-bull-025l-7378.html,https://www.mcdonalds.com/is/image/content/dam/de/nutrition/items/icons/desktop/7378_thumb.jpg?$Category_Desktop$,['Getränke']
28678,"Adelholzener Apfelschorle 0,5l",https://www.mcdonalds.com/de/de-de/product/adelholzener-apfelschorle-05l-7344.html,https://www.mcdonalds.com/is/image/content/dam/de/nutrition/items/icons/desktop/7344_thumb.jpg?$Category_Desktop$,['Getränke']
28811,"Bio Schorle Apfel-Birne 0,2l",https://www.mcdonalds.com/de/de-de/product/bio-schorle-apfel-birne-02l-7289.html,https://www.mcdonalds.com/is/image/content/dam/de/nutrition/items/icons/desktop/7289_thumb.jpg?$Category_Desktop$,['Getränke']
28945,"Capri-Sun Tropical 0,2 l",https://www.mcdonalds.com/de/de-de/product/capri-sun-pure-tropical-200ml-200268.html,https://www.mcdonalds.com/is/image/content/dam/de/nutrition/items/icons/desktop/7279_thumb.jpg?$Category_Desktop$,['Getränke']
29080,"Kids Mineralwasser 0,33l",https://www.mcdonalds.com/de/de-de/product/kids-mineralwasser-033l-7297.html,https://www.mcdonalds.com/is/image/content/dam/de/nutrition/items/icons/desktop/7297_thumb.jpg?$Category_Desktop$,['Getränke']
29216,"Cold Brew Café 0,4l",https://www.mcdonalds.com/de/de-de/product/cold-brew-caf-7831.html,https://www.mcdonalds.com/is/image/content/dam/de/nutrition/items/icons/desktop/7831_thumb.jpg?$Category_Desktop$,"['Iced Drinks', 'McCafé Drinks']"
29353,"Cold Brew Latte 0,4l",https://www.mcdonalds.com/de/de-de/product/cold-brew-latte-7832.html,https://www.mcdonalds.com/is/image/content/dam/de/nutrition/items/icons/desktop/7832_thumb.jpg?$Category_Desktop$,"['Iced Drinks', 'McCafé Drinks']"
29491,"Cold Brew Salted Caramel Latte 0,4l",https://www.mcdonalds.com/de/de-de/product/cold-brew-caramel-latte-7833.html,https://www.mcdonalds.com/is/image/content/dam/de/nutrition/items/icons/desktop/7833_thumb.jpg?$Category_Desktop$,"['Iced Drinks', 'McCafé Drinks']"
29630,Espresso Small,https://www.mcdonalds.com/de/de-de/product/espresso-small-7195.html,https://www.mcdonalds.com/is/image/content/dam/de/nutrition/items/icons/desktop/7195_thumb.jpg?$Category_Desktop$,['McCafé Drinks']
29770,Espresso Grande,https://www.mcdonalds.com/de/de-de/product/espresso-grande-7196.html,https://www.mcdonalds.com/is/image/content/dam/de/nutrition/items/icons/desktop/7196_thumb.jpg?$Category_Desktop$,['McCafé Drinks']
29911,Milchkaffee Regular,https://www.mcdonalds.com/de/de-de/product/milchkaffee-regular-7815.html,https://www.mcdonalds.com/is/image/content/dam/de/nutrition/items/icons/desktop/7815_thumb.jpg?$Category_Desktop$,['McCafé Drinks']
30053,Milchkaffee Grande,https://www.mcdonalds.com/de/de-de/product/milchkaffee-grande-7816.html,https://www.mcdonalds.com/is/image/content/dam/de/nutrition/items/icons/desktop/7816_thumb.jpg?$Category_Desktop$,['McCafé Drinks']
30196,Café Latte Regular,https://www.mcdonalds.com/de/de-de/product/caf-latte-regular-7811.html,https://www.mcdonalds.com/is/image/content/dam/de/nutrition/items/icons/desktop/7811_thumb.jpg?$Category_Desktop$,['McCafé Drinks']
30340,Café Latte Grande,https://www.mcdonalds.com/de/de-de/product/caf-latte-grande-7812.html,https://www.mcdonalds.com/is/image/content/dam/de/nutrition/items/icons/desktop/7812_thumb.jpg?$Category_Desktop$,['McCafé Drinks']
30485,Dark Chocolate small,https://www.mcdonalds.com/de/de-de/product/dark-chocolate-small-7300.html,https://www.mcdonalds.com/is/image/content/dam/de/nutrition/items/icons/desktop/7300_thumb.jpg?$Category_Desktop$,['McCafé Drinks']
30631,Dark Chocolate regular,https://www.mcdonalds.com/de/de-de/product/dark-chocolate-regular-7302.html,https://www.mcdonalds.com/is/image/content/dam/de/nutrition/items/icons/desktop/7302_thumb.jpg?$Category_Desktop$,['McCafé Drinks']
30778,Dark Chocolate grande,https://www.mcdonalds.com/de/de-de/product/dark-chocolate-grande-7304.html,https://www.mcdonalds.com/is/image/content/dam/de/nutrition/items/icons/desktop/7304_thumb.jpg?$Category_Desktop$,['McCafé Drinks']
30926,White Chocolate small,https://www.mcdonalds.com/de/de-de/product/white-chocolate-small-7301.html,https://www.mcdonalds.com/is/image/content/dam/de/nutrition/items/icons/desktop/7301_thumb.jpg?$Category_Desktop$,['McCafé Drinks']
31075,White Chocolate regular,https://www.mcdonalds.com/de/de-de/product/white-chocolate-regular-7303.html,https://www.mcdonalds.com/is/image/content/dam/de/nutrition/items/icons/desktop/7303_thumb.jpg?$Category_Desktop$,['McCafé Drinks']
31225,White Chocolate grande,https://www.mcdonalds.com/de/de-de/product/white-chocolate-grande-7305.html,https://www.mcdonalds.com/is/image/content/dam/de/nutrition/items/icons/desktop/7305_thumb.jpg?$Category_Desktop$,['McCafé Drinks']
31376,Chai Latte Regular,https://www.mcdonalds.com/de/de-de/product/chai-latte-regular-7819.html,https://www.mcdonalds.com/is/image/content/dam/de/nutrition/items/icons/desktop/7819_thumb.jpg?$Category_Desktop$,['McCafé Drinks']
31528,Chai Latte Grande,https://www.mcdonalds.com/de/de-de/product/chai-latte-grande-7820.html,https://www.mcdonalds.com/is/image/content/dam/de/nutrition/items/icons/desktop/7820_thumb.jpg?$Category_Desktop$,['McCafé Drinks']
31681,N.Y. Style Cheesecake,https://www.mcdonalds.com/de/de-de/product/cheesecake-new-york-style-9050.html,https://www.mcdonalds.com/is/image/content/dam/de/nutrition/items/icons/desktop/9050_thumb.jpg?$Category_Desktop$,['McCafé Food']
31835,N.Y. Style Cheesecake mit Rote-Grütze-Sauce,https://www.mcdonalds.com/de/de-de/product/cheesecake-new-york-style-rote-grtze-90504342.html,https://www.mcdonalds.com/is/image/content/dam/de/nutrition/items/icons/desktop/90504342_thumb.jpg?$Category_Desktop$,['McCafé Food']
31990,Banana Bread,https://www.mcdonalds.com/de/de-de/product/banana-bread-9053.html,https://www.mcdonalds.com/is/image/content/dam/de/nutrition/items/icons/desktop/9053_thumb.jpg?$Category_Desktop$,['McCafé Food']
32146,Love Donut,https://www.mcdonalds.com/de/de-de/product/donut-love-4515.html,https://www.mcdonalds.com/is/image/content/dam/de/nutrition/items/icons/desktop/4515_thumb.jpg?$Category_Desktop$,['McCafé Food']
32303,Rainbow Donut,https://www.mcdonalds.com/de/de-de/product/rainbow-donut-mit-ohne-fllung-4172.html,https://www.mcdonalds.com/is/image/content/dam/de/nutrition/items/icons/desktop/4172_thumb.jpg?$Category_Desktop$,['McCafé Food']
32461,Apfelkuchen vegan,https://www.mcdonalds.com/de/de-de/product/apfelkuchen-vegan-9047.html,https://www.mcdonalds.com/is/image/content/dam/de/nutrition/items/icons/desktop/9047_thumb.jpg?$Category_Desktop$,['McCafé Food']
32620,Lemon Cheesecake,https://www.mcdonalds.com/de/de-de/product/lemon-cake-9038.html,https://www.mcdonalds.com/is/image/content/dam/de/nutrition/items/icons/desktop/9038_thumb.jpg?$Category_Desktop$,['McCafé Food']
32780,Cinnamon Roll,https://www.mcdonalds.com/de/de-de/product/cinnamon-roll-4161.html,https://www.mcdonalds.com/is/image/content/dam/de/nutrition/items/icons/desktop/4161_thumb.jpg?$Category_Desktop$,['McCafé Food']
32941,Erdbeerkuchen mit Buttermilchcreme,https://www.mcdonalds.com/de/de-de/product/erdbeerkuchen-mit-buttermilchcreme-9032.html,https://www.mcdonalds.com/is/image/content/dam/de/nutrition/items/icons/desktop/9032_thumb.jpg?$Category_Desktop$,['McCafé Food']
33103,Blaubeer Muffin,https://www.mcdonalds.com/de/de-de/product/blaubeer-muffin-4140.html,https://www.mcdonalds.com/is/image/content/dam/de/nutrition/items/icons/desktop/4140_thumb.jpg?$Category_Desktop$,['McCafé Food']
33266,Schokoladenkuchen,https://www.mcdonalds.com/de/de-de/product/schokoladenkuchen-9026.html,https://www.mcdonalds.com/is/image/content/dam/de/nutrition/items/icons/desktop/9026_thumb.jpg?$Category_Desktop$,['McCafé Food']
33430,Schoko Muffin,https://www.mcdonalds.com/de/de-de/product/schoko-muffin-4143.html,https://www.mcdonalds.com/is/image/content/dam/de/nutrition/items/icons/desktop/4143_thumb.jpg?$Category_Desktop$,['McCafé Food']
33595,Pecan Nut Cookie,https://www.mcdonalds.com/de/de-de/product/pecan-nut-cookie-4122.html,https://www.mcdonalds.com/is/image/content/dam/de/nutrition/items/icons/desktop/4122_thumb.jpg?$Category_Desktop$,['McCafé Food']
33761,Schoko Donut,https://www.mcdonalds.com/de/de-de/product/schoko-donut-4130.html,https://www.mcdonalds.com/is/image/content/dam/de/nutrition/items/icons/desktop/4130_thumb.jpg?$Category_Desktop$,['McCafé Food']
33928,Choc Cookie,https://www.mcdonalds.com/de/de-de/product/choc-cookie-4120.html,https://www.mcdonalds.com/is/image/content/dam/de/nutrition/items/icons/desktop/4120_thumb.jpg?$Category_Desktop$,['McCafé Food']
34096,Triple Choc Cookie,https://www.mcdonalds.com/de/de-de/product/triple-choc-cookie-4121.html,https://www.mcdonalds.com/is/image/content/dam/de/nutrition/items/icons/desktop/4121_thumb.jpg?$Category_Desktop$,['McCafé Food']
34265,Wahlzutat Granola Choc,https://www.mcdonalds.com/de/de-de/product/wahlzutat-granola-choc-4344.html,https://www.mcdonalds.com/is/image/content/dam/de/nutrition/items/icons/desktop/4344_thumb.jpg?$Category_Desktop$,['McFlurry®']
34435,Wahlzutat LION®,https://www.mcdonalds.com/de/de-de/product/mcflurry-wahlzutat-lion-4355.html,https://www.mcdonalds.com/is/image/content/dam/de/nutrition/items/icons/desktop/4355_thumb.jpg?$Category_Desktop$,['McFlurry®']
34606,McFlurry® Wahlzutat OREO®,https://www.mcdonalds.com/de/de-de/product/mcflurry-wahlzutat-oreo-4307.html,https://www.mcdonalds.com/is/image/content/dam/de/nutrition/items/icons/desktop/4307_thumb.jpg?$Category_Desktop$,['McFlurry®']
34778,McFlurry® Wahlzutat Schokolinsen,https://www.mcdonalds.com/de/de-de/product/mcflurry-wahlzutat-schokolinsen-4305.html,https://www.mcdonalds.com/is/image/content/dam/de/nutrition/items/icons/desktop/4305_thumb.jpg?$Category_Desktop$,['McFlurry®']
34951,Wahlzutat Rote Grütze-Sauce,https://www.mcdonalds.com/de/de-de/product/wahlzutat-rote-grtze-sauce-4342.html,https://www.mcdonalds.com/is/image/content/dam/de/nutrition/items/icons/desktop/4342_thumb.jpg?$Category_Desktop$,"['McFlurry®', 'McMilchshake']"
35125,Wahlzutat Himbeer-Sauce,https://www.mcdonalds.com/de/de-de/product/mcflurry-wahlzutat-himbeer-sauce-4379.html,https://www.mcdonalds.com/is/image/content/dam/de/nutrition/items/icons/desktop/4379_thumb.jpg?$Category_Desktop$,"['McFlurry®', 'McMilchshake']"
35300,Wahlzutat Karamell-Sauce,https://www.mcdonalds.com/de/de-de/product/mcflurry-wahlzutat-karamellsauce-4315.html,https://www.mcdonalds.com/is/image/content/dam/de/nutrition/items/icons/desktop/4315_thumb.jpg?$Category_Desktop$,"['McFlurry®', 'McMilchshake']"
35476,Wahlzutat Schoko-Sauce,https://www.mcdonalds.com/de/de-de/product/mcflurry-wahlzutat-schokosauce-4313.html,https://www.mcdonalds.com/is/image/content/dam/de/nutrition/items/icons/desktop/4313_thumb.jpg?$Category_Desktop$,"['McFlurry®', 'McMilchshake']"
35653,Snack Salad Classic,https://www.mcdonalds.com/de/de-de/product/snack-salad-classic-3800.html,https://www.mcdonalds.com/is/image/content/dam/de/nutrition/items/icons/desktop/3800_thumb.jpg?$Category_Desktop$,['Salate']
35831,Ketchup 20ml,https://www.mcdonalds.com/de/de-de/product/ketchup-20ml-200033.html,https://www.mcdonalds.com/is/image/content/dam/de/nutrition/items/icons/desktop/2210_thumb.jpg?$Category_Desktop$,['Saucen & Dressings']
36010,Mayonnaise 20ml,https://www.mcdonalds.com/de/de-de/product/mayonnaise-20ml-200034.html,https://www.mcdonalds.com/is/image/content/dam/de/nutrition/items/icons/desktop/2220_thumb.jpg?$Category_Desktop$,['Saucen & Dressings']
36190,Buttermilk Ranch Dip 25 ml,https://www.mcdonalds.com/de/de-de/product/buttermilk-ranch-dip-25-ml-2165.html,https://www.mcdonalds.com/is/image/content/dam/de/nutrition/items/icons/desktop/2165_thumb.jpg?$Category_Desktop$,['Saucen & Dressings']
36371,Cocktail Dip 25 ml,https://www.mcdonalds.com/de/de-de/product/cocktail-dip-25-ml-6317.html,https://www.mcdonalds.com/is/image/content/dam/de/nutrition/items/icons/desktop/6317_thumb.jpg?$Category_Desktop$,['Saucen & Dressings']
36553,Ranch Dip 25 ml,https://www.mcdonalds.com/de/de-de/product/ranch-dip-25-ml.html,https://www.mcdonalds.com/is/image/content/dam/de/nutrition/items/icons/desktop/2156_thumb.jpg?$Category_Desktop$,['Saucen & Dressings']
36736,Senf Sauce 25ml,https://www.mcdonalds.com/de/de-de/product/senf-sauce-25ml-200030.html,https://www.mcdonalds.com/is/image/content/dam/de/nutrition/items/icons/desktop/2140_thumb.jpg?$Category_Desktop$,['Saucen & Dressings']
36920,Sour Cream-Schnittlauch Dip 25ml,https://www.mcdonalds.com/de/de-de/product/sour-cream-schnittlauch-dip-25ml-200078.html,https://www.mcdonalds.com/is/image/content/dam/de/nutrition/items/icons/desktop/6305_thumb.jpg?$Category_Desktop$,['Saucen & Dressings']
37105,Süßsauer Sauce 25ml,https://www.mcdonalds.com/de/de-de/product/ssauer-sauce-25ml-200031.html,https://www.mcdonalds.com/is/image/content/dam/de/nutrition/items/icons/desktop/2150_thumb.jpg?$Category_Desktop$,['Saucen & Dressings']
37291,Curry Sauce 25ml,https://www.mcdonalds.com/de/de-de/product/curry-sauce-25ml-200032.html,https://www.mcdonalds.com/is/image/content/dam/de/nutrition/items/icons/desktop/2160_thumb.jpg?$Category_Desktop$,['Saucen & Dressings']
37478,Barbecue Sauce 25ml,https://www.mcdonalds.com/de/de-de/product/barbecue-sauce-25ml-200027.html,https://www.mcdonalds.com/is/image/content/dam/de/nutrition/items/icons/desktop/2130_thumb.jpg?$Category_Desktop$,['Saucen & Dressings']
37666,Chili Sauce 25ml,https://www.mcdonalds.com/de/de-de/product/chili-sauce-25ml-200028.html,https://www.mcdonalds.com/is/image/content/dam/de/nutrition/items/icons/desktop/2135_thumb.jpg?$Category_Desktop$,['Saucen & Dressings']
37855,Balsamico Dressing 30ml,https://www.mcdonalds.com/de/de-de/product/balsamico-dressing-30ml-200047.html,https://www.mcdonalds.com/is/image/content/dam/de/nutrition/items/icons/desktop/3578_thumb.jpg?$Category_Desktop$,['Saucen & Dressings']
38045,Caesar Dressing 50ml,https://www.mcdonalds.com/de/de-de/product/caesar-dressing-50ml-200048.html,https://www.mcdonalds.com/is/image/content/dam/de/nutrition/items/icons/desktop/3580_thumb.jpg?$Category_Desktop$,['Saucen & Dressings']
